surname,cn
Roman,Alejandro Roman
Madrid-Sharff,Danielle Madrid-Sharff
Sotelo,Esther M Sotelo
Granberry,Jameshia N Granberry
Terca,Taylor Terca
Kelso,Abigail Lee Morris Kelso
O'Sullivan,Sean Michael O'Sullivan
Bruzzese,David A. Bruzzese
Petersen,Alisa Petersen
Wertheim,Jason A Wertheim
Munoz,Jose Luis Munoz
Abecassis,Michael M I Abecassis
Gonzales,Cathy Mia Gonzales
Moreno-Lopez,Clarissa Esperanza Moreno-Lopez
Martinez,Lili Martinez
Walls,Auralia B Walls
Rios,Tracy J Rios
Schulz,Jerie LaRae Schulz
Haymore,Aja Brianne Haymore
Zazueta-Blackman,Virginia Zazueta Blackman
Martinez,Angela Maria Martinez
Haag,Justin Nathaniel Haag
Gonzalez,Francisco Javier Gonzalez
Christensen,Anna C Christensen
Granados,Lisa M Granados
Sanchez,Casandra M Sanchez
Johnson,Fay M Johnson
Chavez,Richard Chavez
Froehlich,Steven T Froehlich
Colmenero,Gracialinda G Colmenero
Joiner,Keith A Joiner
Lynch,Kristen E Lynch
Marr,Jason C Marr
Nieves,Sonia Nieves
Stratton,Lori Stratton
Dahanayaka Yapa,Dulantha Dahanayaka Yapa
Fahey,Lisa Powers Fahey
Cress,Anne E Cress
Boltz,Todd K Boltz
Drake,Loren Drake
Hamilton,Christa L Hamilton
Dubois,Ross A Dubois
Carty,Daniel J Carty
Mena,Christina M Mena
