surname,cn
Rubi,Brigette Rubi
Powell,Daniel Powell
Grantham,Malisa D Grantham
Lewis,Lourdes Lewis
Butkiewicz,Christine Davis Butkiewicz
Shubitz,Lisa Shubitz
Mandel,M. Alejandra Mandel
Higgins,Lisa Higgins
Trinh,Hien T Trinh
Peng,Tao Peng
