firstName,sn,cn
Lauren,Wittek,Lauren Wittek
Angela,Murrell,Angela Murrell
Janet,Crum,Janet Crum
Mary,Slebodnik,Mary Slebodnik
Joseph,Anaya,Joseph Anaya
Jerry,Flanary,Jerry Flanary
Ahlam,Saleh,Ahlam Saleh
Pipei,Guo,Pipei Guo
Kathryn,Lowers,Kathryn Lowers
Deborah,Mcclelland,Deborah Mcclelland
Jennifer,Lee,Jennifer Lee
Mikel,Bates,Mikel Bates
Annabelle,Nunez,Annabelle Nunez
Jeanne,Pfander,Jeanne Pfander
