firstName,sn,cn
Heather,Froehlich,Heather Froehlich
Megan,Senseney,Megan Senseney
Ellen,Dubinsky,Ellen Dubinsky
Fernando,Rios,Fernando Rios
Vicktoria,Wilcox,Vicktoria Wilcox
Anthony,Sanchez,Anthony Sanchez
Kimberly,Chapman,Kimberly Chapman
Jeffrey,Oliver,Jeffrey Oliver
Alana,Varner,Alana Varner
Elizabeth,Kline,Elizabeth Kline
Daniel,Martin,Daniel Martin
Yan,Han,Yan Han
Cheryl,Casey,Cheryl Casey
Niamh,Wallace,Niamh Wallace
